요청번호,요청자,요청제목,항목,값,선택,제출자,항목 ID
25-01,테스트,테스트하겠슴다,안녕,,,,
25-01,테스트,테스트하겠슴다,하세요,,,,
25-01,테스트,테스트하겠슴다,반급,,,,
25-01,테스트,테스트하겠슴다,습니다,,,,
25-01,테스트,테스트하겠슴다,안녕,123.0,,홍길동,b2f8053c
25-01,테스트,테스트하겠슴다,하세요,234.0,,홍길동,c90862bd
25-01,테스트,테스트하겠슴다,반급,567.0,,홍길동,53fed412
25-01,테스트,테스트하겠슴다,습니다,879.0,,홍길동,4c8998a7
25-01,테스트,테스트하겠슴다,안녕,ㅂㅈㄷ,,김길동,974f82f0
25-01,테스트,테스트하겠슴다,하세요,ㅂㅈㄷ,,김길동,2f3e1074
25-01,테스트,테스트하겠슴다,반급,123,,김길동,89b50551
25-01,테스트,테스트하겠슴다,습니다,123,,김길동,02a8f22f
25-01,테스트,테스트하겠슴다,안녕,1231,,홍길동,8f1a40a6
25-01,테스트,테스트하겠슴다,하세요,5675,,홍길동,f88a2615
25-01,테스트,테스트하겠슴다,반급,412ㄴ,,홍길동,91479411
25-01,테스트,테스트하겠슴다,습니다,ㅂㅈㄷ,,홍길동,8751997f
25-01,테스트,테스트하겠슴다,안녕,123,,김길동,b5a1db75
25-01,테스트,테스트하겠슴다,하세요,5346456,,김길동,e4327091
25-01,테스트,테스트하겠슴다,반급,456456,,김길동,214730af
25-01,테스트,테스트하겠슴다,습니다,456456,,김길동,6534668e
25-01,테스트,테스트하겠슴다,안녕,ㅁㄴㅇㄻㄴ,,박동상,350cd3b6
25-01,테스트,테스트하겠슴다,하세요,ㅇㅂㅈㄷㄱ,,박동상,08aa52f7
25-01,테스트,테스트하겠슴다,반급,ㅊㅌㅍㅇㄹ,,박동상,5d6bdaf7
25-01,테스트,테스트하겠슴다,습니다,ㅂㅈㄷㄱ,,박동상,b3d6456e
25-02,홍길동,봉사활동 인원 취합,참가자 성명,,,,
25-02,홍길동,봉사활동 인원 취합,조끼 사이즈,,,,
25-02,홍길동,봉사활동 인원 취합,신발 사이즈,,,,
25-02,홍길동,봉사활동 인원 취합,이동수단,,,,
25-02,홍길동,봉사활동 인원 취합,참가자 성명,박길동,,프혁부,5c1ad628
25-02,홍길동,봉사활동 인원 취합,조끼 사이즈,95,,프혁부,18bbe3e5
25-02,홍길동,봉사활동 인원 취합,신발 사이즈,95,,프혁부,12ceccf9
25-02,홍길동,봉사활동 인원 취합,이동수단,버스,,프혁부,de814a5e
25-02,홍길동,봉사활동 인원 취합,참가자 성명,박남수,,디전부,a9d6202a
25-02,홍길동,봉사활동 인원 취합,조끼 사이즈,95,,디전부,7a8f8266
25-02,홍길동,봉사활동 인원 취합,신발 사이즈,95,,디전부,c517508d
25-02,홍길동,봉사활동 인원 취합,이동수단,버스,,디전부,4ff81896
25-02,홍길동,봉사활동 인원 취합,참가자 성명,홍홍홍,,데사부,81462e05
25-02,홍길동,봉사활동 인원 취합,조끼 사이즈,95,,데사부,6f25ec78
25-02,홍길동,봉사활동 인원 취합,신발 사이즈,95,,데사부,3121ad50
25-02,홍길동,봉사활동 인원 취합,이동수단,버스,,데사부,d68aff1a
